"","date","ws","wd"
"1",2009-01-01 00:00:00,0,0
"2",2009-01-01 01:00:00,0,0
"3",2009-01-01 02:00:00,0,0
"4",2009-01-01 03:00:00,0,0
"5",2009-01-01 04:00:00,0,0
"6",2009-01-01 05:00:00,0,0
"7",2009-01-01 06:00:00,1.76,175
"8",2009-01-01 07:00:00,0,0
"9",2009-01-01 08:00:00,1.76,87
"10",2009-01-01 09:00:00,0,0
"11",2009-01-01 10:00:00,0,0
"12",2009-01-01 11:00:00,1.76,36
"13",2009-01-01 12:00:00,0,0
"14",2009-01-01 13:00:00,0,0
"15",2009-01-01 14:00:00,1.76,152
"16",2009-01-01 15:00:00,0,0
"17",2009-01-01 16:00:00,0,0
"18",2009-01-01 17:00:00,1.76,107
"19",2009-01-01 18:00:00,1.76,194
"20",2009-01-01 19:00:00,1.76,157
"21",2009-01-01 20:00:00,NA,140
"22",2009-01-01 21:00:00,2.36,NA
"23",2009-01-01 22:00:00,2.36,140
"24",2009-01-01 23:00:00,1.76,170
"25",2009-01-02 00:00:00,2.86,176
"26",2009-01-02 01:00:00,3.86,172
"27",2009-01-02 02:00:00,4.36,162
"28",2009-01-02 03:00:00,2.86,160
"29",2009-01-02 04:00:00,3.36,146
"30",2009-01-02 05:00:00,5.36,157
"31",2009-01-02 06:00:00,2.86,169
"32",2009-01-02 07:00:00,3.86,156
"33",2009-01-02 08:00:00,4.86,180
"34",2009-01-02 09:00:00,3.86,171
"35",2009-01-02 10:00:00,3.36,155
"36",2009-01-02 11:00:00,4.36,131
"37",2009-01-02 12:00:00,3.86,159
"38",2009-01-02 13:00:00,2.86,187
"39",2009-01-02 14:00:00,2.86,210
"40",2009-01-02 15:00:00,5.36,354
"41",2009-01-02 16:00:00,4.36,358
"42",2009-01-02 17:00:00,1.76,11
"43",2009-01-02 18:00:00,2.36,12
"44",2009-01-02 19:00:00,2.86,325
"45",2009-01-02 20:00:00,2.36,344
"46",2009-01-02 21:00:00,1.76,255
"47",2009-01-02 22:00:00,0,0
"48",2009-01-02 23:00:00,0,0
"49",2009-01-03 00:00:00,0,0
"50",2009-01-03 01:00:00,2.86,326
"51",2009-01-03 02:00:00,0,0
"52",2009-01-03 03:00:00,0,0
"53",2009-01-03 04:00:00,4.36,337
"54",2009-01-03 05:00:00,5.96,339
"55",2009-01-03 06:00:00,4.86,346
"56",2009-01-03 07:00:00,5.36,349
"57",2009-01-03 08:00:00,7.46,348
"58",2009-01-03 09:00:00,10.56,354
"59",2009-01-03 10:00:00,8.46,352
"60",2009-01-03 11:00:00,5.96,358
"61",2009-01-03 12:00:00,4.86,351
"62",2009-01-03 13:00:00,4.36,12
"63",2009-01-03 14:00:00,4.36,347
"64",2009-01-03 15:00:00,3.36,360
"65",2009-01-03 16:00:00,1.76,9
"66",2009-01-03 17:00:00,1.76,251
"67",2009-01-03 18:00:00,1.76,227
"68",2009-01-03 19:00:00,0,0
"69",2009-01-03 20:00:00,2.36,227
"70",2009-01-03 21:00:00,0,0
"71",2009-01-03 22:00:00,1.76,231
"72",2009-01-03 23:00:00,0,0
"73",2009-01-04 00:00:00,1.76,216
"74",2009-01-04 01:00:00,1.76,226
"75",2009-01-04 02:00:00,1.76,248
"76",2009-01-04 03:00:00,0,0
"77",2009-01-04 04:00:00,0,0
"78",2009-01-04 05:00:00,0,0
"79",2009-01-04 06:00:00,0,0
"80",2009-01-04 07:00:00,0,0
"81",2009-01-04 08:00:00,3.36,336
"82",2009-01-04 09:00:00,2.86,7
"83",2009-01-04 10:00:00,2.86,27
"84",2009-01-04 11:00:00,3.86,3
"85",2009-01-04 12:00:00,3.36,355
"86",2009-01-04 13:00:00,1.76,22
"87",2009-01-04 14:00:00,2.36,NA
"88",2009-01-04 15:00:00,0,0
"89",2009-01-04 16:00:00,0,0
"90",2009-01-04 17:00:00,1.76,339
"91",2009-01-04 18:00:00,1.76,247
"92",2009-01-04 19:00:00,2.36,239
"93",2009-01-04 20:00:00,0,0
"94",2009-01-04 21:00:00,0,0
"95",2009-01-04 22:00:00,0,0
"96",2009-01-04 23:00:00,0,0
"97",2009-01-05 00:00:00,1.76,245
"98",2009-01-05 01:00:00,0,0
"99",2009-01-05 02:00:00,0,0
"100",2009-01-05 03:00:00,0,0
"101",2009-01-05 04:00:00,0,0
"102",2009-01-05 05:00:00,0,0
"103",2009-01-05 06:00:00,2.36,162
"104",2009-01-05 07:00:00,2.36,195
"105",2009-01-05 08:00:00,2.36,149
"106",2009-01-05 09:00:00,2.36,68
"107",2009-01-05 10:00:00,0,0
"108",2009-01-05 11:00:00,0,0
"109",2009-01-05 12:00:00,1.76,118
"110",2009-01-05 13:00:00,0,0
"111",2009-01-05 14:00:00,0,0
"112",2009-01-05 15:00:00,2.36,338
"113",2009-01-05 16:00:00,0,0
"114",2009-01-05 17:00:00,2.86,346
"115",2009-01-05 18:00:00,2.86,357
"116",2009-01-05 19:00:00,1.76,347
"117",2009-01-05 20:00:00,0,0
"118",2009-01-05 21:00:00,0,0
"119",2009-01-05 22:00:00,0,0
"120",2009-01-05 23:00:00,2.86,342
"121",2009-01-06 00:00:00,0,0
"122",2009-01-06 01:00:00,0,0
"123",2009-01-06 02:00:00,0,0
"124",2009-01-06 03:00:00,1.76,233
"125",2009-01-06 04:00:00,2.36,252
"126",2009-01-06 05:00:00,0,0
"127",2009-01-06 06:00:00,0,0
"128",2009-01-06 07:00:00,2.86,242
"129",2009-01-06 08:00:00,0,0
"130",2009-01-06 09:00:00,1.76,58
"131",2009-01-06 10:00:00,0,0
"132",2009-01-06 11:00:00,0,0
"133",2009-01-06 12:00:00,0,0
"134",2009-01-06 13:00:00,0,0
"135",2009-01-06 14:00:00,2.86,122
"136",2009-01-06 15:00:00,1.76,122
"137",2009-01-06 16:00:00,1.76,142
"138",2009-01-06 17:00:00,2.86,155
"139",2009-01-06 18:00:00,1.76,178
"140",2009-01-06 19:00:00,2.36,171
"141",2009-01-06 20:00:00,0,0
"142",2009-01-06 21:00:00,0,0
"143",2009-01-06 22:00:00,0,0
"144",2009-01-06 23:00:00,0,0
"145",2009-01-07 00:00:00,0,0
"146",2009-01-07 01:00:00,0,0
"147",2009-01-07 02:00:00,0,0
"148",2009-01-07 03:00:00,0,0
"149",2009-01-07 04:00:00,0,0
"150",2009-01-07 05:00:00,0,0
"151",2009-01-07 06:00:00,2.86,359
"152",2009-01-07 07:00:00,2.36,354
"153",2009-01-07 08:00:00,2.36,360
"154",2009-01-07 09:00:00,1.76,NA
"155",2009-01-07 10:00:00,1.76,43
"156",2009-01-07 11:00:00,0,0
"157",2009-01-07 12:00:00,0,0
"158",2009-01-07 13:00:00,0,0
"159",2009-01-07 14:00:00,1.76,57
"160",2009-01-07 15:00:00,0,0
"161",2009-01-07 16:00:00,0,0
"162",2009-01-07 17:00:00,0,0
"163",2009-01-07 18:00:00,0,0
"164",2009-01-07 19:00:00,0,0
"165",2009-01-07 20:00:00,0,0
"166",2009-01-07 21:00:00,0,0
"167",2009-01-07 22:00:00,0,0
"168",2009-01-07 23:00:00,0,0
"169",2009-01-08 00:00:00,0,0
"170",2009-01-08 01:00:00,0,0
"171",2009-01-08 02:00:00,1.76,18
"172",2009-01-08 03:00:00,0,0
"173",2009-01-08 04:00:00,0,0
"174",2009-01-08 05:00:00,0,0
"175",2009-01-08 06:00:00,0,0
"176",2009-01-08 07:00:00,0,0
"177",2009-01-08 08:00:00,0,0
"178",2009-01-08 09:00:00,1.76,170
"179",2009-01-08 10:00:00,1.76,319
"180",2009-01-08 11:00:00,1.76,17
"181",2009-01-08 12:00:00,3.36,349
"182",2009-01-08 13:00:00,2.36,NA
"183",2009-01-08 14:00:00,3.36,12
"184",2009-01-08 15:00:00,4.36,349
"185",2009-01-08 16:00:00,0,0
"186",2009-01-08 17:00:00,0,0
"187",2009-01-08 18:00:00,1.76,233
"188",2009-01-08 19:00:00,3.36,242
"189",2009-01-08 20:00:00,0,0
"190",2009-01-08 21:00:00,1.76,218
"191",2009-01-08 22:00:00,2.36,230
"192",2009-01-08 23:00:00,2.86,234
"193",2009-01-09 00:00:00,0,0
"194",2009-01-09 01:00:00,4.86,356
"195",2009-01-09 02:00:00,5.36,336
"196",2009-01-09 03:00:00,7.96,354
"197",2009-01-09 04:00:00,8.46,346
"198",2009-01-09 05:00:00,3.86,349
"199",2009-01-09 06:00:00,2.36,193
"200",2009-01-09 07:00:00,0,0
"201",2009-01-09 08:00:00,2.86,30
"202",2009-01-09 09:00:00,5.36,14
"203",2009-01-09 10:00:00,5.96,21
"204",2009-01-09 11:00:00,6.96,7
"205",2009-01-09 12:00:00,5.36,14
"206",2009-01-09 13:00:00,7.46,5
"207",2009-01-09 14:00:00,5.96,10
"208",2009-01-09 15:00:00,3.86,13
"209",2009-01-09 16:00:00,3.86,31
"210",2009-01-09 17:00:00,1.76,24
"211",2009-01-09 18:00:00,0,0
"212",2009-01-09 19:00:00,4.86,1
"213",2009-01-09 20:00:00,5.36,19
"214",2009-01-09 21:00:00,2.86,110
"215",2009-01-09 22:00:00,1.76,84
"216",2009-01-09 23:00:00,0,0
"217",2009-01-10 00:00:00,0,0
"218",2009-01-10 01:00:00,0,0
"219",2009-01-10 02:00:00,0,0
"220",2009-01-10 03:00:00,0,0
"221",2009-01-10 04:00:00,0,0
"222",2009-01-10 05:00:00,0,0
"223",2009-01-10 06:00:00,0,0
"224",2009-01-10 07:00:00,0,0
"225",2009-01-10 08:00:00,0,0
"226",2009-01-10 09:00:00,0,0
"227",2009-01-10 10:00:00,2.36,31
"228",2009-01-10 11:00:00,2.36,23
"229",2009-01-10 12:00:00,1.76,NA
"230",2009-01-10 13:00:00,2.36,56
"231",2009-01-10 14:00:00,2.36,46
"232",2009-01-10 15:00:00,0,0
"233",2009-01-10 16:00:00,1.76,148
"234",2009-01-10 17:00:00,0,0
"235",2009-01-10 18:00:00,0,0
"236",2009-01-10 19:00:00,0,0
"237",2009-01-10 20:00:00,0,0
"238",2009-01-10 21:00:00,0,0
"239",2009-01-10 22:00:00,0,0
"240",2009-01-10 23:00:00,0,0
"241",2009-01-11 00:00:00,0,0
"242",2009-01-11 01:00:00,1.76,64
"243",2009-01-11 02:00:00,1.76,283
"244",2009-01-11 03:00:00,0,0
"245",2009-01-11 04:00:00,0,0
"246",2009-01-11 05:00:00,1.76,184
"247",2009-01-11 06:00:00,0,0
"248",2009-01-11 07:00:00,0,0
"249",2009-01-11 08:00:00,0,0
"250",2009-01-11 09:00:00,0,0
"251",2009-01-11 10:00:00,2.86,NA
"252",2009-01-11 11:00:00,2.86,30
"253",2009-01-11 12:00:00,1.76,45
"254",2009-01-11 13:00:00,2.36,74
"255",2009-01-11 14:00:00,0,0
"256",2009-01-11 15:00:00,0,0
"257",2009-01-11 16:00:00,0,0
"258",2009-01-11 17:00:00,0,0
"259",2009-01-11 18:00:00,0,0
"260",2009-01-11 19:00:00,0,0
"261",2009-01-11 20:00:00,0,0
"262",2009-01-11 21:00:00,2.86,56
"263",2009-01-11 22:00:00,4.86,71
"264",2009-01-11 23:00:00,3.36,69
"265",2009-01-12 00:00:00,2.86,48
"266",2009-01-12 01:00:00,0,0
"267",2009-01-12 02:00:00,0,0
"268",2009-01-12 03:00:00,1.76,356
"269",2009-01-12 04:00:00,3.86,347
"270",2009-01-12 05:00:00,2.36,358
"271",2009-01-12 06:00:00,1.76,18
"272",2009-01-12 07:00:00,0,0
"273",2009-01-12 08:00:00,0,0
"274",2009-01-12 09:00:00,6.46,1
"275",2009-01-12 10:00:00,10.06,358
"276",2009-01-12 11:00:00,9.56,9
"277",2009-01-12 12:00:00,8.46,358
"278",2009-01-12 13:00:00,8.46,358
"279",2009-01-12 14:00:00,6.46,1
"280",2009-01-12 15:00:00,7.46,359
"281",2009-01-12 16:00:00,7.46,346
"282",2009-01-12 17:00:00,4.36,59
"283",2009-01-12 18:00:00,2.36,82
"284",2009-01-12 19:00:00,1.76,355
"285",2009-01-12 20:00:00,0,0
"286",2009-01-12 21:00:00,2.36,327
"287",2009-01-12 22:00:00,2.36,335
"288",2009-01-12 23:00:00,1.76,40
"289",2009-01-13 00:00:00,1.76,29
"290",2009-01-13 01:00:00,0,0
"291",2009-01-13 02:00:00,1.76,353
"292",2009-01-13 03:00:00,2.36,29
"293",2009-01-13 04:00:00,0,0
"294",2009-01-13 05:00:00,0,0
"295",2009-01-13 06:00:00,0,0
"296",2009-01-13 07:00:00,0,0
"297",2009-01-13 08:00:00,1.76,71
"298",2009-01-13 09:00:00,0,0
"299",2009-01-13 10:00:00,1.76,52
"300",2009-01-13 11:00:00,2.36,21
"301",2009-01-13 12:00:00,2.86,40
"302",2009-01-13 13:00:00,3.36,37
"303",2009-01-13 14:00:00,1.76,111
"304",2009-01-13 15:00:00,2.36,86
"305",2009-01-13 16:00:00,0,0
"306",2009-01-13 17:00:00,0,0
"307",2009-01-13 18:00:00,0,0
"308",2009-01-13 19:00:00,1.76,246
"309",2009-01-13 20:00:00,0,0
"310",2009-01-13 21:00:00,0,0
"311",2009-01-13 22:00:00,0,0
"312",2009-01-13 23:00:00,0,0
"313",2009-01-14 00:00:00,0,0
"314",2009-01-14 01:00:00,0,0
"315",2009-01-14 02:00:00,0,0
"316",2009-01-14 03:00:00,0,0
"317",2009-01-14 04:00:00,0,0
"318",2009-01-14 05:00:00,0,0
"319",2009-01-14 06:00:00,0,0
"320",2009-01-14 07:00:00,0,0
"321",2009-01-14 08:00:00,1.76,70
"322",2009-01-14 09:00:00,1.76,80
"323",2009-01-14 10:00:00,1.76,NA
"324",2009-01-14 11:00:00,1.76,NA
"325",2009-01-14 12:00:00,2.36,33
"326",2009-01-14 13:00:00,0,0
"327",2009-01-14 14:00:00,0,0
"328",2009-01-14 15:00:00,0,0
"329",2009-01-14 16:00:00,0,0
"330",2009-01-14 17:00:00,0,0
"331",2009-01-14 18:00:00,0,0
"332",2009-01-14 19:00:00,0,0
"333",2009-01-14 20:00:00,0,0
"334",2009-01-14 21:00:00,0,0
"335",2009-01-14 22:00:00,0,0
"336",2009-01-14 23:00:00,0,0
"337",2009-01-15 00:00:00,0,0
"338",2009-01-15 01:00:00,0,0
"339",2009-01-15 02:00:00,1.76,348
"340",2009-01-15 03:00:00,0,0
"341",2009-01-15 04:00:00,0,0
"342",2009-01-15 05:00:00,0,0
"343",2009-01-15 06:00:00,0,0
"344",2009-01-15 07:00:00,0,0
"345",2009-01-15 08:00:00,1.76,97
"346",2009-01-15 09:00:00,2.36,17
"347",2009-01-15 10:00:00,0,0
"348",2009-01-15 11:00:00,1.76,20
"349",2009-01-15 12:00:00,2.36,NA
"350",2009-01-15 13:00:00,3.36,NA
"351",2009-01-15 14:00:00,2.36,103
"352",2009-01-15 15:00:00,2.36,126
"353",2009-01-15 16:00:00,0,0
"354",2009-01-15 17:00:00,0,0
"355",2009-01-15 18:00:00,0,0
"356",2009-01-15 19:00:00,0,0
"357",2009-01-15 20:00:00,0,0
"358",2009-01-15 21:00:00,1.76,323
"359",2009-01-15 22:00:00,0,0
"360",2009-01-15 23:00:00,0,0
"361",2009-01-16 00:00:00,1.76,306
"362",2009-01-16 01:00:00,0,0
"363",2009-01-16 02:00:00,0,0
"364",2009-01-16 03:00:00,0,0
"365",2009-01-16 04:00:00,0,0
"366",2009-01-16 05:00:00,0,0
"367",2009-01-16 06:00:00,0,0
"368",2009-01-16 07:00:00,0,0
"369",2009-01-16 08:00:00,0,0
"370",2009-01-16 09:00:00,0,0
"371",2009-01-16 10:00:00,0,0
"372",2009-01-16 11:00:00,2.86,12
"373",2009-01-16 12:00:00,2.86,42
"374",2009-01-16 13:00:00,3.86,70
"375",2009-01-16 14:00:00,1.76,81
"376",2009-01-16 15:00:00,2.36,95
"377",2009-01-16 16:00:00,0,0
"378",2009-01-16 17:00:00,0,0
"379",2009-01-16 18:00:00,1.76,239
"380",2009-01-16 19:00:00,1.76,230
"381",2009-01-16 20:00:00,2.36,226
"382",2009-01-16 21:00:00,0,0
"383",2009-01-16 22:00:00,0,0
"384",2009-01-16 23:00:00,0,0
"385",2009-01-17 00:00:00,2.86,337
"386",2009-01-17 01:00:00,0,0
"387",2009-01-17 02:00:00,0,0
"388",2009-01-17 03:00:00,0,0
"389",2009-01-17 04:00:00,0,0
"390",2009-01-17 05:00:00,0,0
"391",2009-01-17 06:00:00,0,0
"392",2009-01-17 07:00:00,0,0
"393",2009-01-17 08:00:00,0,0
"394",2009-01-17 09:00:00,0,0
"395",2009-01-17 10:00:00,0,0
"396",2009-01-17 11:00:00,0,0
"397",2009-01-17 12:00:00,0,0
"398",2009-01-17 13:00:00,0,0
"399",2009-01-17 14:00:00,1.76,94
"400",2009-01-17 15:00:00,0,0
"401",2009-01-17 16:00:00,0,0
"402",2009-01-17 17:00:00,0,0
"403",2009-01-17 18:00:00,1.76,259
"404",2009-01-17 19:00:00,1.76,237
"405",2009-01-17 20:00:00,0,0
"406",2009-01-17 21:00:00,0,0
"407",2009-01-17 22:00:00,0,0
"408",2009-01-17 23:00:00,0,0
"409",2009-01-18 00:00:00,0,0
"410",2009-01-18 01:00:00,0,0
"411",2009-01-18 02:00:00,0,0
"412",2009-01-18 03:00:00,0,0
"413",2009-01-18 04:00:00,0,0
"414",2009-01-18 05:00:00,1.76,22
"415",2009-01-18 06:00:00,0,0
"416",2009-01-18 07:00:00,1.76,68
"417",2009-01-18 08:00:00,0,0
"418",2009-01-18 09:00:00,1.76,32
"419",2009-01-18 10:00:00,2.36,17
"420",2009-01-18 11:00:00,3.36,357
"421",2009-01-18 12:00:00,2.86,11
"422",2009-01-18 13:00:00,3.36,NA
"423",2009-01-18 14:00:00,2.86,21
"424",2009-01-18 15:00:00,2.36,45
"425",2009-01-18 16:00:00,0,0
"426",2009-01-18 17:00:00,1.76,329
"427",2009-01-18 18:00:00,2.36,345
"428",2009-01-18 19:00:00,0,0
"429",2009-01-18 20:00:00,0,0
"430",2009-01-18 21:00:00,0,0
"431",2009-01-18 22:00:00,0,0
"432",2009-01-18 23:00:00,0,0
"433",2009-01-19 00:00:00,2.36,77
"434",2009-01-19 01:00:00,0,0
"435",2009-01-19 02:00:00,0,0
"436",2009-01-19 03:00:00,0,0
"437",2009-01-19 04:00:00,0,0
"438",2009-01-19 05:00:00,1.76,348
"439",2009-01-19 06:00:00,0,0
"440",2009-01-19 07:00:00,0,0
"441",2009-01-19 08:00:00,0,0
"442",2009-01-19 09:00:00,2.36,31
"443",2009-01-19 10:00:00,2.36,4
"444",2009-01-19 11:00:00,2.86,39
"445",2009-01-19 12:00:00,2.86,30
"446",2009-01-19 13:00:00,2.36,NA
"447",2009-01-19 14:00:00,1.76,NA
"448",2009-01-19 15:00:00,1.76,53
"449",2009-01-19 16:00:00,1.76,74
"450",2009-01-19 17:00:00,0,0
"451",2009-01-19 18:00:00,1.76,240
"452",2009-01-19 19:00:00,2.36,344
"453",2009-01-19 20:00:00,0,0
"454",2009-01-19 21:00:00,1.76,141
"455",2009-01-19 22:00:00,0,0
"456",2009-01-19 23:00:00,0,0
"457",2009-01-20 00:00:00,1.76,339
"458",2009-01-20 01:00:00,3.36,353
"459",2009-01-20 02:00:00,3.86,337
"460",2009-01-20 03:00:00,1.76,4
"461",2009-01-20 04:00:00,3.36,347
"462",2009-01-20 05:00:00,0,0
"463",2009-01-20 06:00:00,0,0
"464",2009-01-20 07:00:00,0,0
"465",2009-01-20 08:00:00,0,0
"466",2009-01-20 09:00:00,1.76,15
"467",2009-01-20 10:00:00,3.86,358
"468",2009-01-20 11:00:00,2.86,16
"469",2009-01-20 12:00:00,3.36,13
"470",2009-01-20 13:00:00,2.86,20
"471",2009-01-20 14:00:00,2.86,22
"472",2009-01-20 15:00:00,2.36,23
"473",2009-01-20 16:00:00,1.76,21
"474",2009-01-20 17:00:00,0,0
"475",2009-01-20 18:00:00,0,0
"476",2009-01-20 19:00:00,0,0
"477",2009-01-20 20:00:00,0,0
"478",2009-01-20 21:00:00,0,0
"479",2009-01-20 22:00:00,0,0
"480",2009-01-20 23:00:00,0,0
"481",2009-01-21 00:00:00,0,0
"482",2009-01-21 01:00:00,0,0
"483",2009-01-21 02:00:00,0,0
"484",2009-01-21 03:00:00,0,0
"485",2009-01-21 04:00:00,0,0
"486",2009-01-21 05:00:00,1.76,91
"487",2009-01-21 06:00:00,0,0
"488",2009-01-21 07:00:00,0,0
"489",2009-01-21 08:00:00,0,0
"490",2009-01-21 09:00:00,1.76,60
"491",2009-01-21 10:00:00,0,0
"492",2009-01-21 11:00:00,0,0
"493",2009-01-21 12:00:00,0,0
"494",2009-01-21 13:00:00,1.76,56
"495",2009-01-21 14:00:00,0,0
"496",2009-01-21 15:00:00,1.76,128
"497",2009-01-21 16:00:00,0,0
"498",2009-01-21 17:00:00,0,0
"499",2009-01-21 18:00:00,0,0
"500",2009-01-21 19:00:00,0,0
"501",2009-01-21 20:00:00,2.86,326
"502",2009-01-21 21:00:00,1.76,327
"503",2009-01-21 22:00:00,0,0
"504",2009-01-21 23:00:00,0,0
"505",2009-01-22 00:00:00,0,0
"506",2009-01-22 01:00:00,1.76,1
"507",2009-01-22 02:00:00,1.76,360
"508",2009-01-22 03:00:00,3.36,354
"509",2009-01-22 04:00:00,1.76,345
"510",2009-01-22 05:00:00,0,0
"511",2009-01-22 06:00:00,0,0
"512",2009-01-22 07:00:00,0,0
"513",2009-01-22 08:00:00,1.76,338
"514",2009-01-22 09:00:00,1.76,24
"515",2009-01-22 10:00:00,0,0
"516",2009-01-22 11:00:00,0,0
"517",2009-01-22 12:00:00,0,0
"518",2009-01-22 13:00:00,0,0
"519",2009-01-22 14:00:00,0,0
"520",2009-01-22 15:00:00,0,0
"521",2009-01-22 16:00:00,1.76,139
"522",2009-01-22 17:00:00,0,0
"523",2009-01-22 18:00:00,0,0
"524",2009-01-22 19:00:00,1.76,357
"525",2009-01-22 20:00:00,1.76,330
"526",2009-01-22 21:00:00,2.36,345
"527",2009-01-22 22:00:00,2.36,351
"528",2009-01-22 23:00:00,1.76,353
"529",2009-01-23 00:00:00,0,0
"530",2009-01-23 01:00:00,0,0
"531",2009-01-23 02:00:00,0,0
"532",2009-01-23 03:00:00,1.76,10
"533",2009-01-23 04:00:00,2.36,19
"534",2009-01-23 05:00:00,2.36,1
"535",2009-01-23 06:00:00,1.76,NA
"536",2009-01-23 07:00:00,2.86,337
"537",2009-01-23 08:00:00,2.36,355
"538",2009-01-23 09:00:00,2.86,359
"539",2009-01-23 10:00:00,2.86,346
"540",2009-01-23 11:00:00,1.76,14
"541",2009-01-23 12:00:00,2.86,60
"542",2009-01-23 13:00:00,0,0
"543",2009-01-23 14:00:00,2.36,NA
"544",2009-01-23 15:00:00,2.86,63
"545",2009-01-23 16:00:00,0,0
"546",2009-01-23 17:00:00,2.36,75
"547",2009-01-23 18:00:00,0,0
"548",2009-01-23 19:00:00,0,0
"549",2009-01-23 20:00:00,0,0
"550",2009-01-23 21:00:00,0,0
"551",2009-01-23 22:00:00,0,0
"552",2009-01-23 23:00:00,3.86,190
"553",2009-01-24 00:00:00,3.36,206
"554",2009-01-24 01:00:00,1.76,179
"555",2009-01-24 02:00:00,1.76,217
"556",2009-01-24 03:00:00,2.36,198
"557",2009-01-24 04:00:00,3.36,169
"558",2009-01-24 05:00:00,1.76,162
"559",2009-01-24 06:00:00,3.36,197
"560",2009-01-24 07:00:00,2.86,193
"561",2009-01-24 08:00:00,3.36,168
"562",2009-01-24 09:00:00,4.86,234
"563",2009-01-24 10:00:00,0,0
"564",2009-01-24 11:00:00,6.96,228
"565",2009-01-24 12:00:00,6.96,209
"566",2009-01-24 13:00:00,4.86,217
"567",2009-01-24 14:00:00,6.96,223
"568",2009-01-24 15:00:00,4.86,218
"569",2009-01-24 16:00:00,6.96,208
"570",2009-01-24 17:00:00,4.86,232
"571",2009-01-24 18:00:00,5.96,212
"572",2009-01-24 19:00:00,2.36,192
"573",2009-01-24 20:00:00,3.86,225
"574",2009-01-24 21:00:00,3.36,185
"575",2009-01-24 22:00:00,3.86,233
"576",2009-01-24 23:00:00,3.86,209
"577",2009-01-25 00:00:00,3.36,240
"578",2009-01-25 01:00:00,2.36,222
"579",2009-01-25 02:00:00,0,0
"580",2009-01-25 03:00:00,2.86,205
"581",2009-01-25 04:00:00,0,0
"582",2009-01-25 05:00:00,2.36,315
"583",2009-01-25 06:00:00,0,0
"584",2009-01-25 07:00:00,2.36,301
"585",2009-01-25 08:00:00,0,0
"586",2009-01-25 09:00:00,2.36,NA
"587",2009-01-25 10:00:00,3.36,331
"588",2009-01-25 11:00:00,3.36,318
"589",2009-01-25 12:00:00,0,0
"590",2009-01-25 13:00:00,2.86,132
"591",2009-01-25 14:00:00,2.86,162
"592",2009-01-25 15:00:00,3.36,150
"593",2009-01-25 16:00:00,7.46,336
"594",2009-01-25 17:00:00,3.86,231
"595",2009-01-25 18:00:00,2.36,231
"596",2009-01-25 19:00:00,0,0
"597",2009-01-25 20:00:00,0,0
"598",2009-01-25 21:00:00,0,0
"599",2009-01-25 22:00:00,0,0
"600",2009-01-25 23:00:00,4.86,350
"601",2009-01-26 00:00:00,1.76,352
"602",2009-01-26 01:00:00,2.36,35
"603",2009-01-26 02:00:00,0,0
"604",2009-01-26 03:00:00,0,0
"605",2009-01-26 04:00:00,1.76,234
"606",2009-01-26 05:00:00,1.76,226
"607",2009-01-26 06:00:00,0,0
"608",2009-01-26 07:00:00,0,0
"609",2009-01-26 08:00:00,1.76,NA
"610",2009-01-26 09:00:00,1.76,34
"611",2009-01-26 10:00:00,2.36,12
"612",2009-01-26 11:00:00,3.86,6
"613",2009-01-26 12:00:00,5.96,346
"614",2009-01-26 13:00:00,4.36,352
"615",2009-01-26 14:00:00,3.86,6
"616",2009-01-26 15:00:00,6.46,360
"617",2009-01-26 16:00:00,4.86,355
"618",2009-01-26 17:00:00,4.86,341
"619",2009-01-26 18:00:00,6.46,344
"620",2009-01-26 19:00:00,5.96,348
"621",2009-01-26 20:00:00,6.96,346
"622",2009-01-26 21:00:00,5.96,346
"623",2009-01-26 22:00:00,5.36,354
"624",2009-01-26 23:00:00,3.86,348
"625",2009-01-27 00:00:00,4.36,1
"626",2009-01-27 01:00:00,3.36,2
"627",2009-01-27 02:00:00,3.36,21
"628",2009-01-27 03:00:00,4.86,351
"629",2009-01-27 04:00:00,1.76,NA
"630",2009-01-27 05:00:00,1.76,31
"631",2009-01-27 06:00:00,0,0
"632",2009-01-27 07:00:00,2.36,340
"633",2009-01-27 08:00:00,2.36,351
"634",2009-01-27 09:00:00,3.36,352
"635",2009-01-27 10:00:00,1.76,NA
"636",2009-01-27 11:00:00,1.76,NA
"637",2009-01-27 12:00:00,2.36,NA
"638",2009-01-27 13:00:00,0,0
"639",2009-01-27 14:00:00,3.36,204
"640",2009-01-27 15:00:00,2.86,136
"641",2009-01-27 16:00:00,2.36,128
"642",2009-01-27 17:00:00,2.36,151
"643",2009-01-27 18:00:00,0,0
"644",2009-01-27 19:00:00,0,0
"645",2009-01-27 20:00:00,0,0
"646",2009-01-27 21:00:00,0,0
"647",2009-01-27 22:00:00,0,0
"648",2009-01-27 23:00:00,0,0
"649",2009-01-28 00:00:00,1.76,357
"650",2009-01-28 01:00:00,0,0
"651",2009-01-28 02:00:00,3.36,337
"652",2009-01-28 03:00:00,3.36,354
"653",2009-01-28 04:00:00,3.36,342
"654",2009-01-28 05:00:00,1.76,317
"655",2009-01-28 06:00:00,0,0
"656",2009-01-28 07:00:00,0,0
"657",2009-01-28 08:00:00,1.76,29
"658",2009-01-28 09:00:00,1.76,NA
"659",2009-01-28 10:00:00,0,0
"660",2009-01-28 11:00:00,0,0
"661",2009-01-28 12:00:00,0,0
"662",2009-01-28 13:00:00,0,0
"663",2009-01-28 14:00:00,2.36,321
"664",2009-01-28 15:00:00,0,0
"665",2009-01-28 16:00:00,0,0
"666",2009-01-28 17:00:00,0,0
"667",2009-01-28 18:00:00,0,0
"668",2009-01-28 19:00:00,0,0
"669",2009-01-28 20:00:00,0,0
"670",2009-01-28 21:00:00,3.36,351
"671",2009-01-28 22:00:00,5.36,358
"672",2009-01-28 23:00:00,4.86,8
"673",2009-01-29 00:00:00,3.36,17
"674",2009-01-29 01:00:00,3.86,22
"675",2009-01-29 02:00:00,3.36,25
"676",2009-01-29 03:00:00,3.36,51
"677",2009-01-29 04:00:00,1.76,NA
"678",2009-01-29 05:00:00,0,0
"679",2009-01-29 06:00:00,0,0
"680",2009-01-29 07:00:00,0,0
"681",2009-01-29 08:00:00,1.76,33
"682",2009-01-29 09:00:00,2.86,19
"683",2009-01-29 10:00:00,3.36,23
"684",2009-01-29 11:00:00,4.36,30
"685",2009-01-29 12:00:00,2.86,53
"686",2009-01-29 13:00:00,1.76,41
"687",2009-01-29 14:00:00,2.36,75
"688",2009-01-29 15:00:00,2.36,84
"689",2009-01-29 16:00:00,1.76,130
"690",2009-01-29 17:00:00,1.76,157
"691",2009-01-29 18:00:00,1.76,253
"692",2009-01-29 19:00:00,0,0
"693",2009-01-29 20:00:00,0,0
"694",2009-01-29 21:00:00,0,0
"695",2009-01-29 22:00:00,0,0
"696",2009-01-29 23:00:00,0,0
"697",2009-01-30 00:00:00,0,0
"698",2009-01-30 01:00:00,0,0
"699",2009-01-30 02:00:00,0,0
"700",2009-01-30 03:00:00,0,0
"701",2009-01-30 04:00:00,0,0
"702",2009-01-30 05:00:00,0,0
"703",2009-01-30 06:00:00,1.76,252
"704",2009-01-30 07:00:00,0,0
"705",2009-01-30 08:00:00,0,0
"706",2009-01-30 09:00:00,1.76,102
"707",2009-01-30 10:00:00,0,0
"708",2009-01-30 11:00:00,2.36,59
"709",2009-01-30 12:00:00,0,0
"710",2009-01-30 13:00:00,0,0
"711",2009-01-30 14:00:00,0,0
"712",2009-01-30 15:00:00,0,0
"713",2009-01-30 16:00:00,2.86,142
"714",2009-01-30 17:00:00,0,0
"715",2009-01-30 18:00:00,0,0
"716",2009-01-30 19:00:00,0,0
"717",2009-01-30 20:00:00,0,0
"718",2009-01-30 21:00:00,0,0
"719",2009-01-30 22:00:00,0,0
"720",2009-01-30 23:00:00,0,0
"721",2009-01-31 00:00:00,0,0
"722",2009-01-31 01:00:00,0,0
"723",2009-01-31 02:00:00,0,0
"724",2009-01-31 03:00:00,0,0
"725",2009-01-31 04:00:00,1.76,253
"726",2009-01-31 05:00:00,1.76,237
"727",2009-01-31 06:00:00,0,0
"728",2009-01-31 07:00:00,0,0
"729",2009-01-31 08:00:00,1.76,196
"730",2009-01-31 09:00:00,0,0
"731",2009-01-31 10:00:00,0,0
"732",2009-01-31 11:00:00,1.76,NA
"733",2009-01-31 12:00:00,0,0
"734",2009-01-31 13:00:00,2.36,174
"735",2009-01-31 14:00:00,2.36,189
"736",2009-01-31 15:00:00,0,0
"737",2009-01-31 16:00:00,2.36,148
"738",2009-01-31 17:00:00,0,0
"739",2009-01-31 18:00:00,0,0
"740",2009-01-31 19:00:00,0,0
"741",2009-01-31 20:00:00,0,0
"742",2009-01-31 21:00:00,0,0
"743",2009-01-31 22:00:00,1.76,306
"744",2009-01-31 23:00:00,0,0
"745",2009-02-01 00:00:00,1.76,13
"746",2009-02-01 01:00:00,2.36,8
"747",2009-02-01 02:00:00,1.76,7
"748",2009-02-01 03:00:00,3.36,359
"749",2009-02-01 04:00:00,4.86,347
"750",2009-02-01 05:00:00,6.46,356
"751",2009-02-01 06:00:00,2.86,9
"752",2009-02-01 07:00:00,1.76,26
"753",2009-02-01 08:00:00,3.36,10
"754",2009-02-01 09:00:00,3.86,14
"755",2009-02-01 10:00:00,4.36,6
"756",2009-02-01 11:00:00,3.86,16
"757",2009-02-01 12:00:00,3.36,24
"758",2009-02-01 13:00:00,3.86,9
"759",2009-02-01 14:00:00,3.86,16
"760",2009-02-01 15:00:00,1.76,46
"761",2009-02-01 16:00:00,3.36,158
"762",2009-02-01 17:00:00,0,0
"763",2009-02-01 18:00:00,0,0
"764",2009-02-01 19:00:00,2.36,229
"765",2009-02-01 20:00:00,1.76,245
"766",2009-02-01 21:00:00,0,0
"767",2009-02-01 22:00:00,0,0
"768",2009-02-01 23:00:00,0,0
"769",2009-02-02 00:00:00,0,0
"770",2009-02-02 01:00:00,1.76,325
"771",2009-02-02 02:00:00,2.86,113
"772",2009-02-02 03:00:00,0,0
"773",2009-02-02 04:00:00,0,0
"774",2009-02-02 05:00:00,0,0
"775",2009-02-02 06:00:00,0,0
"776",2009-02-02 07:00:00,0,0
"777",2009-02-02 08:00:00,1.76,45
"778",2009-02-02 09:00:00,2.36,16
"779",2009-02-02 10:00:00,0,0
"780",2009-02-02 11:00:00,2.36,NA
"781",2009-02-02 12:00:00,2.86,53
"782",2009-02-02 13:00:00,2.86,NA
"783",2009-02-02 14:00:00,2.36,32
"784",2009-02-02 15:00:00,0,0
"785",2009-02-02 16:00:00,0,0
"786",2009-02-02 17:00:00,0,0
"787",2009-02-02 18:00:00,1.76,248
"788",2009-02-02 19:00:00,0,0
"789",2009-02-02 20:00:00,0,0
"790",2009-02-02 21:00:00,0,0
"791",2009-02-02 22:00:00,0,0
"792",2009-02-02 23:00:00,0,0
"793",2009-02-03 00:00:00,0,0
"794",2009-02-03 01:00:00,0,0
"795",2009-02-03 02:00:00,0,0
"796",2009-02-03 03:00:00,0,0
"797",2009-02-03 04:00:00,0,0
"798",2009-02-03 05:00:00,0,0
"799",2009-02-03 06:00:00,0,0
"800",2009-02-03 07:00:00,0,0
"801",2009-02-03 08:00:00,1.76,4
"802",2009-02-03 09:00:00,2.36,23
"803",2009-02-03 10:00:00,2.86,35
"804",2009-02-03 11:00:00,3.36,360
"805",2009-02-03 12:00:00,2.86,18
"806",2009-02-03 13:00:00,3.86,28
"807",2009-02-03 14:00:00,2.36,NA
"808",2009-02-03 15:00:00,1.76,NA
"809",2009-02-03 16:00:00,0,0
"810",2009-02-03 17:00:00,0,0
"811",2009-02-03 18:00:00,0,0
"812",2009-02-03 19:00:00,0,0
"813",2009-02-03 20:00:00,0,0
"814",2009-02-03 21:00:00,0,0
"815",2009-02-03 22:00:00,0,0
"816",2009-02-03 23:00:00,0,0
"817",2009-02-04 00:00:00,0,0
"818",2009-02-04 01:00:00,0,0
"819",2009-02-04 02:00:00,0,0
"820",2009-02-04 03:00:00,0,0
"821",2009-02-04 04:00:00,0,0
"822",2009-02-04 05:00:00,0,0
"823",2009-02-04 06:00:00,0,0
"824",2009-02-04 07:00:00,0,0
"825",2009-02-04 08:00:00,0,0
"826",2009-02-04 09:00:00,2.36,16
"827",2009-02-04 10:00:00,2.36,25
"828",2009-02-04 11:00:00,2.36,33
"829",2009-02-04 12:00:00,1.76,33
"830",2009-02-04 13:00:00,0,0
"831",2009-02-04 14:00:00,1.76,35
"832",2009-02-04 15:00:00,1.76,32
"833",2009-02-04 16:00:00,0,0
"834",2009-02-04 17:00:00,1.76,332
"835",2009-02-04 18:00:00,0,0
"836",2009-02-04 19:00:00,0,0
"837",2009-02-04 20:00:00,2.86,226
"838",2009-02-04 21:00:00,1.76,214
"839",2009-02-04 22:00:00,2.86,242
"840",2009-02-04 23:00:00,2.36,238
"841",2009-02-05 00:00:00,4.86,206
"842",2009-02-05 01:00:00,4.86,219
"843",2009-02-05 02:00:00,3.86,212
"844",2009-02-05 03:00:00,2.86,202
"845",2009-02-05 04:00:00,3.36,209
"846",2009-02-05 05:00:00,3.36,196
"847",2009-02-05 06:00:00,1.76,179
"848",2009-02-05 07:00:00,4.36,208
"849",2009-02-05 08:00:00,2.36,160
"850",2009-02-05 09:00:00,3.36,195
"851",2009-02-05 10:00:00,1.76,212
"852",2009-02-05 11:00:00,3.36,172
"853",2009-02-05 12:00:00,5.36,165
"854",2009-02-05 13:00:00,5.96,156
"855",2009-02-05 14:00:00,4.36,144
"856",2009-02-05 15:00:00,2.36,175
"857",2009-02-05 16:00:00,2.86,263
"858",2009-02-05 17:00:00,0,0
"859",2009-02-05 18:00:00,1.76,145
"860",2009-02-05 19:00:00,1.76,172
"861",2009-02-05 20:00:00,0,0
"862",2009-02-05 21:00:00,0,0
"863",2009-02-05 22:00:00,1.76,204
"864",2009-02-05 23:00:00,1.76,147
"865",2009-02-06 00:00:00,1.76,138
"866",2009-02-06 01:00:00,0,0
"867",2009-02-06 02:00:00,0,0
"868",2009-02-06 03:00:00,0,0
"869",2009-02-06 04:00:00,0,0
"870",2009-02-06 05:00:00,0,0
"871",2009-02-06 06:00:00,0,0
"872",2009-02-06 07:00:00,0,0
"873",2009-02-06 08:00:00,0,0
"874",2009-02-06 09:00:00,0,0
"875",2009-02-06 10:00:00,0,0
"876",2009-02-06 11:00:00,0,0
"877",2009-02-06 12:00:00,0,0
"878",2009-02-06 13:00:00,2.36,259
"879",2009-02-06 14:00:00,2.86,345
"880",2009-02-06 15:00:00,3.86,352
"881",2009-02-06 16:00:00,3.36,352
"882",2009-02-06 17:00:00,3.36,352
"883",2009-02-06 18:00:00,3.36,348
"884",2009-02-06 19:00:00,3.86,351
"885",2009-02-06 20:00:00,2.36,359
"886",2009-02-06 21:00:00,2.86,102
"887",2009-02-06 22:00:00,0,0
"888",2009-02-06 23:00:00,0,0
"889",2009-02-07 00:00:00,2.36,288
"890",2009-02-07 01:00:00,0,0
"891",2009-02-07 02:00:00,0,0
"892",2009-02-07 03:00:00,0,0
"893",2009-02-07 04:00:00,0,0
"894",2009-02-07 05:00:00,0,0
"895",2009-02-07 06:00:00,0,0
"896",2009-02-07 07:00:00,0,0
"897",2009-02-07 08:00:00,2.36,4
"898",2009-02-07 09:00:00,3.86,343
"899",2009-02-07 10:00:00,0,0
"900",2009-02-07 11:00:00,1.76,NA
"901",2009-02-07 12:00:00,4.36,2
"902",2009-02-07 13:00:00,4.36,10
"903",2009-02-07 14:00:00,6.46,1
"904",2009-02-07 15:00:00,5.36,351
"905",2009-02-07 16:00:00,3.86,344
"906",2009-02-07 17:00:00,0,0
"907",2009-02-07 18:00:00,3.86,328
"908",2009-02-07 19:00:00,3.36,335
"909",2009-02-07 20:00:00,3.36,80
"910",2009-02-07 21:00:00,3.36,5
"911",2009-02-07 22:00:00,2.36,353
"912",2009-02-07 23:00:00,3.86,164
"913",2009-02-08 00:00:00,1.76,240
"914",2009-02-08 01:00:00,0,0
"915",2009-02-08 02:00:00,0,0
"916",2009-02-08 03:00:00,0,0
"917",2009-02-08 04:00:00,0,0
"918",2009-02-08 05:00:00,0,0
"919",2009-02-08 06:00:00,3.86,211
"920",2009-02-08 07:00:00,3.86,225
"921",2009-02-08 08:00:00,4.36,211
"922",2009-02-08 09:00:00,5.36,214
"923",2009-02-08 10:00:00,6.46,216
"924",2009-02-08 11:00:00,6.96,213
"925",2009-02-08 12:00:00,5.36,214
"926",2009-02-08 13:00:00,3.86,222
"927",2009-02-08 14:00:00,6.96,212
"928",2009-02-08 15:00:00,7.96,223
"929",2009-02-08 16:00:00,6.96,208
"930",2009-02-08 17:00:00,3.86,219
"931",2009-02-08 18:00:00,5.96,225
"932",2009-02-08 19:00:00,4.36,207
"933",2009-02-08 20:00:00,3.36,213
"934",2009-02-08 21:00:00,5.36,229
"935",2009-02-08 22:00:00,6.46,256
"936",2009-02-08 23:00:00,9.56,262
"937",2009-02-09 00:00:00,5.96,259
"938",2009-02-09 01:00:00,7.96,244
"939",2009-02-09 02:00:00,5.36,256
"940",2009-02-09 03:00:00,4.86,237
"941",2009-02-09 04:00:00,2.86,81
"942",2009-02-09 05:00:00,0,0
"943",2009-02-09 06:00:00,0,0
"944",2009-02-09 07:00:00,0,0
"945",2009-02-09 08:00:00,0,0
"946",2009-02-09 09:00:00,2.36,1
"947",2009-02-09 10:00:00,3.86,341
"948",2009-02-09 11:00:00,2.36,84
"949",2009-02-09 12:00:00,1.76,NA
"950",2009-02-09 13:00:00,0,0
"951",2009-02-09 14:00:00,1.76,NA
"952",2009-02-09 15:00:00,3.36,328
"953",2009-02-09 16:00:00,3.36,322
"954",2009-02-09 17:00:00,4.86,297
"955",2009-02-09 18:00:00,1.76,357
"956",2009-02-09 19:00:00,2.36,339
"957",2009-02-09 20:00:00,4.36,316
"958",2009-02-09 21:00:00,0,0
"959",2009-02-09 22:00:00,0,0
"960",2009-02-09 23:00:00,0,0
"961",2009-02-10 00:00:00,0,0
"962",2009-02-10 01:00:00,0,0
"963",2009-02-10 02:00:00,0,0
"964",2009-02-10 03:00:00,0,0
"965",2009-02-10 04:00:00,0,0
"966",2009-02-10 05:00:00,0,0
"967",2009-02-10 06:00:00,0,0
"968",2009-02-10 07:00:00,0,0
"969",2009-02-10 08:00:00,0,0
"970",2009-02-10 09:00:00,0,0
"971",2009-02-10 10:00:00,3.36,181
"972",2009-02-10 11:00:00,2.36,192
"973",2009-02-10 12:00:00,2.86,184
"974",2009-02-10 13:00:00,4.86,199
"975",2009-02-10 14:00:00,6.46,233
"976",2009-02-10 15:00:00,4.86,215
"977",2009-02-10 16:00:00,5.36,208
"978",2009-02-10 17:00:00,4.86,204
"979",2009-02-10 18:00:00,4.36,190
"980",2009-02-10 19:00:00,NA,NA
"981",2009-02-10 20:00:00,3.36,155
"982",2009-02-10 21:00:00,2.36,154
"983",2009-02-10 22:00:00,2.36,167
"984",2009-02-10 23:00:00,0,0
"985",2009-02-11 00:00:00,2.86,86
"986",2009-02-11 01:00:00,0,0
"987",2009-02-11 02:00:00,1.76,174
"988",2009-02-11 03:00:00,1.76,102
"989",2009-02-11 04:00:00,0,0
"990",2009-02-11 05:00:00,0,0
"991",2009-02-11 06:00:00,2.86,183
"992",2009-02-11 07:00:00,2.36,168
"993",2009-02-11 08:00:00,2.36,163
"994",2009-02-11 09:00:00,2.86,185
"995",2009-02-11 10:00:00,3.36,191
"996",2009-02-11 11:00:00,2.36,211
"997",2009-02-11 12:00:00,1.76,118
"998",2009-02-11 13:00:00,4.36,262
"999",2009-02-11 14:00:00,3.86,225
"1000",2009-02-11 15:00:00,4.36,195
"1001",2009-02-11 16:00:00,5.96,234
"1002",2009-02-11 17:00:00,2.36,167
"1003",2009-02-11 18:00:00,2.86,171
"1004",2009-02-11 19:00:00,3.36,203
"1005",2009-02-11 20:00:00,2.86,161
"1006",2009-02-11 21:00:00,0,0
"1007",2009-02-11 22:00:00,2.86,166
"1008",2009-02-11 23:00:00,2.36,214
"1009",2009-02-12 00:00:00,0,0
"1010",2009-02-12 01:00:00,2.36,229
"1011",2009-02-12 02:00:00,0,0
"1012",2009-02-12 03:00:00,4.86,351
"1013",2009-02-12 04:00:00,1.76,359
"1014",2009-02-12 05:00:00,2.86,352
"1015",2009-02-12 06:00:00,0,0
"1016",2009-02-12 07:00:00,2.86,352
"1017",2009-02-12 08:00:00,3.36,336
"1018",2009-02-12 09:00:00,1.76,NA
"1019",2009-02-12 10:00:00,1.76,15
"1020",2009-02-12 11:00:00,2.36,27
"1021",2009-02-12 12:00:00,2.36,NA
"1022",2009-02-12 13:00:00,0,0
"1023",2009-02-12 14:00:00,2.36,138
"1024",2009-02-12 15:00:00,2.36,184
"1025",2009-02-12 16:00:00,0,0
"1026",2009-02-12 17:00:00,0,0
"1027",2009-02-12 18:00:00,2.36,195
"1028",2009-02-12 19:00:00,2.86,180
"1029",2009-02-12 20:00:00,3.36,182
"1030",2009-02-12 21:00:00,3.36,185
"1031",2009-02-12 22:00:00,3.86,178
"1032",2009-02-12 23:00:00,2.86,185
"1033",2009-02-13 00:00:00,2.86,184
"1034",2009-02-13 01:00:00,3.36,185
"1035",2009-02-13 02:00:00,3.36,149
"1036",2009-02-13 03:00:00,7.96,227
"1037",2009-02-13 04:00:00,3.36,94
"1038",2009-02-13 05:00:00,1.76,162
"1039",2009-02-13 06:00:00,0,0
"1040",2009-02-13 07:00:00,2.36,150
"1041",2009-02-13 08:00:00,2.36,219
"1042",2009-02-13 09:00:00,3.36,201
"1043",2009-02-13 10:00:00,3.36,194
"1044",2009-02-13 11:00:00,3.36,201
"1045",2009-02-13 12:00:00,3.36,189
"1046",2009-02-13 13:00:00,3.36,NA
"1047",2009-02-13 14:00:00,3.36,210
"1048",2009-02-13 15:00:00,NA,NA
"1049",2009-02-13 16:00:00,NA,NA
"1050",2009-02-13 17:00:00,4.86,195
"1051",2009-02-13 18:00:00,3.86,194
"1052",2009-02-13 19:00:00,4.36,186
"1053",2009-02-13 20:00:00,3.86,189
"1054",2009-02-13 21:00:00,4.36,209
"1055",2009-02-13 22:00:00,3.86,188
"1056",2009-02-13 23:00:00,2.86,176
"1057",2009-02-14 00:00:00,3.36,190
"1058",2009-02-14 01:00:00,3.36,172
"1059",2009-02-14 02:00:00,2.86,166
"1060",2009-02-14 03:00:00,2.36,146
"1061",2009-02-14 04:00:00,1.76,198
"1062",2009-02-14 05:00:00,1.76,105
"1063",2009-02-14 06:00:00,0,0
"1064",2009-02-14 07:00:00,1.76,174
"1065",2009-02-14 08:00:00,2.36,153
"1066",2009-02-14 09:00:00,3.86,153
"1067",2009-02-14 10:00:00,4.86,148
"1068",2009-02-14 11:00:00,4.36,174
"1069",2009-02-14 12:00:00,3.86,142
"1070",2009-02-14 13:00:00,4.86,147
"1071",2009-02-14 14:00:00,3.86,145
"1072",2009-02-14 15:00:00,4.86,163
"1073",2009-02-14 16:00:00,4.36,163
"1074",2009-02-14 17:00:00,3.36,176
"1075",2009-02-14 18:00:00,3.36,169
"1076",2009-02-14 19:00:00,3.86,177
"1077",2009-02-14 20:00:00,3.36,131
"1078",2009-02-14 21:00:00,2.86,158
"1079",2009-02-14 22:00:00,3.36,168
"1080",2009-02-14 23:00:00,6.46,153
"1081",2009-02-15 00:00:00,5.96,163
"1082",2009-02-15 01:00:00,5.96,152
"1083",2009-02-15 02:00:00,8.46,152
"1084",2009-02-15 03:00:00,6.96,150
"1085",2009-02-15 04:00:00,6.96,168
"1086",2009-02-15 05:00:00,8.46,147
"1087",2009-02-15 06:00:00,6.96,161
"1088",2009-02-15 07:00:00,7.46,164
"1089",2009-02-15 08:00:00,3.86,166
"1090",2009-02-15 09:00:00,5.96,158
"1091",2009-02-15 10:00:00,7.96,146
"1092",2009-02-15 11:00:00,7.96,145
"1093",2009-02-15 12:00:00,4.36,148
"1094",2009-02-15 13:00:00,5.36,142
"1095",2009-02-15 14:00:00,5.96,148
"1096",2009-02-15 15:00:00,3.36,166
"1097",2009-02-15 16:00:00,1.76,164
"1098",2009-02-15 17:00:00,3.86,186
"1099",2009-02-15 18:00:00,0,0
"1100",2009-02-15 19:00:00,0,0
"1101",2009-02-15 20:00:00,0,0
"1102",2009-02-15 21:00:00,0,0
"1103",2009-02-15 22:00:00,1.76,330
"1104",2009-02-15 23:00:00,0,0
"1105",2009-02-16 00:00:00,0,0
"1106",2009-02-16 01:00:00,2.86,351
"1107",2009-02-16 02:00:00,2.86,342
"1108",2009-02-16 03:00:00,1.76,114
"1109",2009-02-16 04:00:00,6.46,131
"1110",2009-02-16 05:00:00,6.46,129
"1111",2009-02-16 06:00:00,4.86,145
"1112",2009-02-16 07:00:00,5.96,150
"1113",2009-02-16 08:00:00,4.36,148
"1114",2009-02-16 09:00:00,3.86,164
"1115",2009-02-16 10:00:00,4.86,165
"1116",2009-02-16 11:00:00,5.96,212
"1117",2009-02-16 12:00:00,5.96,223
"1118",2009-02-16 13:00:00,4.36,215
"1119",2009-02-16 14:00:00,4.86,186
"1120",2009-02-16 15:00:00,3.36,190
"1121",2009-02-16 16:00:00,3.86,192
"1122",2009-02-16 17:00:00,4.86,169
"1123",2009-02-16 18:00:00,2.36,182
"1124",2009-02-16 19:00:00,2.86,154
"1125",2009-02-16 20:00:00,3.36,174
"1126",2009-02-16 21:00:00,2.86,159
"1127",2009-02-16 22:00:00,3.86,161
"1128",2009-02-16 23:00:00,4.36,144
"1129",2009-02-17 00:00:00,3.86,156
"1130",2009-02-17 01:00:00,4.86,152
"1131",2009-02-17 02:00:00,3.36,141
"1132",2009-02-17 03:00:00,5.96,144
"1133",2009-02-17 04:00:00,6.46,131
"1134",2009-02-17 05:00:00,6.96,137
"1135",2009-02-17 06:00:00,7.96,145
"1136",2009-02-17 07:00:00,5.96,141
"1137",2009-02-17 08:00:00,7.46,138
"1138",2009-02-17 09:00:00,7.96,161
"1139",2009-02-17 10:00:00,5.36,155
"1140",2009-02-17 11:00:00,7.96,154
"1141",2009-02-17 12:00:00,5.96,158
"1142",2009-02-17 13:00:00,2.86,154
"1143",2009-02-17 14:00:00,2.36,164
"1144",2009-02-17 15:00:00,4.86,162
"1145",2009-02-17 16:00:00,4.36,159
"1146",2009-02-17 17:00:00,4.36,139
"1147",2009-02-17 18:00:00,1.76,184
"1148",2009-02-17 19:00:00,1.76,198
"1149",2009-02-17 20:00:00,1.76,150
"1150",2009-02-17 21:00:00,0,0
"1151",2009-02-17 22:00:00,2.36,143
"1152",2009-02-17 23:00:00,0,0
"1153",2009-02-18 00:00:00,0,0
"1154",2009-02-18 01:00:00,0,0
"1155",2009-02-18 02:00:00,0,0
"1156",2009-02-18 03:00:00,0,0
"1157",2009-02-18 04:00:00,0,0
"1158",2009-02-18 05:00:00,2.36,350
"1159",2009-02-18 06:00:00,3.36,350
"1160",2009-02-18 07:00:00,3.86,354
"1161",2009-02-18 08:00:00,2.86,358
"1162",2009-02-18 09:00:00,3.86,348
"1163",2009-02-18 10:00:00,2.86,359
"1164",2009-02-18 11:00:00,1.76,7
"1165",2009-02-18 12:00:00,2.86,NA
"1166",2009-02-18 13:00:00,2.36,17
"1167",2009-02-18 14:00:00,2.86,21
"1168",2009-02-18 15:00:00,1.76,NA
"1169",2009-02-18 16:00:00,1.76,359
"1170",2009-02-18 17:00:00,2.36,3
"1171",2009-02-18 18:00:00,3.36,350
"1172",2009-02-18 19:00:00,3.36,354
"1173",2009-02-18 20:00:00,3.36,338
"1174",2009-02-18 21:00:00,3.36,353
"1175",2009-02-18 22:00:00,2.36,352
"1176",2009-02-18 23:00:00,2.86,345
"1177",2009-02-19 00:00:00,2.86,349
"1178",2009-02-19 01:00:00,3.36,339
"1179",2009-02-19 02:00:00,3.36,338
"1180",2009-02-19 03:00:00,2.86,346
"1181",2009-02-19 04:00:00,0,0
"1182",2009-02-19 05:00:00,0,0
"1183",2009-02-19 06:00:00,0,0
"1184",2009-02-19 07:00:00,0,0
"1185",2009-02-19 08:00:00,2.86,4
"1186",2009-02-19 09:00:00,2.86,NA
"1187",2009-02-19 10:00:00,2.86,20
"1188",2009-02-19 11:00:00,3.36,13
"1189",2009-02-19 12:00:00,1.76,NA
"1190",2009-02-19 13:00:00,1.76,NA
"1191",2009-02-19 14:00:00,0,0
"1192",2009-02-19 15:00:00,0,0
"1193",2009-02-19 16:00:00,0,0
"1194",2009-02-19 17:00:00,0,0
"1195",2009-02-19 18:00:00,0,0
"1196",2009-02-19 19:00:00,0,0
"1197",2009-02-19 20:00:00,0,0
"1198",2009-02-19 21:00:00,0,0
"1199",2009-02-19 22:00:00,0,0
"1200",2009-02-19 23:00:00,1.76,268
"1201",2009-02-20 00:00:00,0,0
"1202",2009-02-20 01:00:00,0,0
"1203",2009-02-20 02:00:00,0,0
"1204",2009-02-20 03:00:00,0,0
"1205",2009-02-20 04:00:00,2.36,348
"1206",2009-02-20 05:00:00,1.76,13
"1207",2009-02-20 06:00:00,0,0
"1208",2009-02-20 07:00:00,0,0
"1209",2009-02-20 08:00:00,0,0
"1210",2009-02-20 09:00:00,1.76,7
"1211",2009-02-20 10:00:00,2.86,13
"1212",2009-02-20 11:00:00,3.36,22
"1213",2009-02-20 12:00:00,3.36,8
"1214",2009-02-20 13:00:00,2.86,360
"1215",2009-02-20 14:00:00,2.36,NA
"1216",2009-02-20 15:00:00,1.76,16
"1217",2009-02-20 16:00:00,1.76,18
"1218",2009-02-20 17:00:00,0,0
"1219",2009-02-20 18:00:00,0,0
"1220",2009-02-20 19:00:00,0,0
"1221",2009-02-20 20:00:00,1.76,235
"1222",2009-02-20 21:00:00,1.76,236
"1223",2009-02-20 22:00:00,1.76,226
"1224",2009-02-20 23:00:00,1.76,230
"1225",2009-02-21 00:00:00,0,0
"1226",2009-02-21 01:00:00,0,0
"1227",2009-02-21 02:00:00,0,0
"1228",2009-02-21 03:00:00,0,0
"1229",2009-02-21 04:00:00,0,0
"1230",2009-02-21 05:00:00,0,0
"1231",2009-02-21 06:00:00,2.36,4
"1232",2009-02-21 07:00:00,1.76,66
"1233",2009-02-21 08:00:00,2.36,354
"1234",2009-02-21 09:00:00,1.76,6
"1235",2009-02-21 10:00:00,0,0
"1236",2009-02-21 11:00:00,1.76,NA
"1237",2009-02-21 12:00:00,2.36,111
"1238",2009-02-21 13:00:00,1.76,133
"1239",2009-02-21 14:00:00,2.36,118
"1240",2009-02-21 15:00:00,0,0
"1241",2009-02-21 16:00:00,0,0
"1242",2009-02-21 17:00:00,0,0
"1243",2009-02-21 18:00:00,3.36,162
"1244",2009-02-21 19:00:00,1.76,104
"1245",2009-02-21 20:00:00,1.76,59
"1246",2009-02-21 21:00:00,0,0
"1247",2009-02-21 22:00:00,0,0
"1248",2009-02-21 23:00:00,2.36,266
"1249",2009-02-22 00:00:00,0,0
"1250",2009-02-22 01:00:00,2.86,220
"1251",2009-02-22 02:00:00,2.36,130
"1252",2009-02-22 03:00:00,1.76,166
"1253",2009-02-22 04:00:00,1.76,174
"1254",2009-02-22 05:00:00,3.36,150
"1255",2009-02-22 06:00:00,5.36,155
"1256",2009-02-22 07:00:00,6.96,160
"1257",2009-02-22 08:00:00,6.96,154
"1258",2009-02-22 09:00:00,6.96,157
"1259",2009-02-22 10:00:00,6.46,154
"1260",2009-02-22 11:00:00,4.86,156
"1261",2009-02-22 12:00:00,5.36,169
"1262",2009-02-22 13:00:00,5.96,174
"1263",2009-02-22 14:00:00,5.36,174
"1264",2009-02-22 15:00:00,3.86,172
"1265",2009-02-22 16:00:00,2.86,183
"1266",2009-02-22 17:00:00,2.86,191
"1267",2009-02-22 18:00:00,2.36,208
"1268",2009-02-22 19:00:00,2.36,166
"1269",2009-02-22 20:00:00,2.86,186
"1270",2009-02-22 21:00:00,1.76,179
"1271",2009-02-22 22:00:00,1.76,195
"1272",2009-02-22 23:00:00,2.36,167
"1273",2009-02-23 00:00:00,2.36,226
"1274",2009-02-23 01:00:00,1.76,148
"1275",2009-02-23 02:00:00,0,0
"1276",2009-02-23 03:00:00,3.36,189
"1277",2009-02-23 04:00:00,1.76,181
"1278",2009-02-23 05:00:00,2.36,143
"1279",2009-02-23 06:00:00,2.36,115
"1280",2009-02-23 07:00:00,3.36,181
"1281",2009-02-23 08:00:00,2.86,172
"1282",2009-02-23 09:00:00,2.36,161
"1283",2009-02-23 10:00:00,4.86,189
"1284",2009-02-23 11:00:00,5.96,186
"1285",2009-02-23 12:00:00,7.46,186
"1286",2009-02-23 13:00:00,5.36,195
"1287",2009-02-23 14:00:00,4.86,206
"1288",2009-02-23 15:00:00,4.36,187
"1289",2009-02-23 16:00:00,4.36,176
"1290",2009-02-23 17:00:00,5.96,176
"1291",2009-02-23 18:00:00,4.86,165
"1292",2009-02-23 19:00:00,4.36,192
"1293",2009-02-23 20:00:00,4.86,192
"1294",2009-02-23 21:00:00,4.36,190
"1295",2009-02-23 22:00:00,2.86,208
"1296",2009-02-23 23:00:00,2.86,223
"1297",2009-02-24 00:00:00,3.36,243
"1298",2009-02-24 01:00:00,1.76,202
"1299",2009-02-24 02:00:00,2.86,192
"1300",2009-02-24 03:00:00,1.76,NA
"1301",2009-02-24 04:00:00,0,0
"1302",2009-02-24 05:00:00,2.36,327
"1303",2009-02-24 06:00:00,1.76,NA
"1304",2009-02-24 07:00:00,0,0
"1305",2009-02-24 08:00:00,1.76,41
"1306",2009-02-24 09:00:00,1.76,132
"1307",2009-02-24 10:00:00,1.76,220
"1308",2009-02-24 11:00:00,2.86,189
"1309",2009-02-24 12:00:00,3.36,191
"1310",2009-02-24 13:00:00,3.36,205
"1311",2009-02-24 14:00:00,4.36,215
"1312",2009-02-24 15:00:00,4.86,233
"1313",2009-02-24 16:00:00,2.86,262
"1314",2009-02-24 17:00:00,2.36,274
"1315",2009-02-24 18:00:00,0,0
"1316",2009-02-24 19:00:00,0,0
"1317",2009-02-24 20:00:00,3.36,191
"1318",2009-02-24 21:00:00,2.86,185
"1319",2009-02-24 22:00:00,2.36,187
"1320",2009-02-24 23:00:00,2.86,207
"1321",2009-02-25 00:00:00,2.36,184
"1322",2009-02-25 01:00:00,2.36,265
"1323",2009-02-25 02:00:00,1.76,228
"1324",2009-02-25 03:00:00,2.86,207
"1325",2009-02-25 04:00:00,2.86,195
"1326",2009-02-25 05:00:00,2.36,183
"1327",2009-02-25 06:00:00,0,0
"1328",2009-02-25 07:00:00,2.86,163
"1329",2009-02-25 08:00:00,3.36,202
"1330",2009-02-25 09:00:00,3.86,196
"1331",2009-02-25 10:00:00,4.36,233
"1332",2009-02-25 11:00:00,4.36,206
"1333",2009-02-25 12:00:00,4.36,216
"1334",2009-02-25 13:00:00,6.46,230
"1335",2009-02-25 14:00:00,5.36,215
"1336",2009-02-25 15:00:00,5.96,221
"1337",2009-02-25 16:00:00,5.96,218
"1338",2009-02-25 17:00:00,4.36,221
"1339",2009-02-25 18:00:00,4.86,218
"1340",2009-02-25 19:00:00,2.86,NA
"1341",2009-02-25 20:00:00,4.86,220
"1342",2009-02-25 21:00:00,6.46,216
"1343",2009-02-25 22:00:00,3.86,214
"1344",2009-02-25 23:00:00,3.36,204
"1345",2009-02-26 00:00:00,1.76,171
"1346",2009-02-26 01:00:00,2.86,188
"1347",2009-02-26 02:00:00,3.86,190
"1348",2009-02-26 03:00:00,5.36,202
"1349",2009-02-26 04:00:00,2.86,NA
"1350",2009-02-26 05:00:00,2.86,160
"1351",2009-02-26 06:00:00,2.36,143
"1352",2009-02-26 07:00:00,3.36,142
"1353",2009-02-26 08:00:00,4.86,229
"1354",2009-02-26 09:00:00,5.36,221
"1355",2009-02-26 10:00:00,4.86,210
"1356",2009-02-26 11:00:00,3.36,220
"1357",2009-02-26 12:00:00,3.36,248
"1358",2009-02-26 13:00:00,4.36,211
"1359",2009-02-26 14:00:00,3.86,246
"1360",2009-02-26 15:00:00,5.36,252
"1361",2009-02-26 16:00:00,5.96,237
"1362",2009-02-26 17:00:00,6.46,234
"1363",2009-02-26 18:00:00,2.36,233
"1364",2009-02-26 19:00:00,3.86,234
"1365",2009-02-26 20:00:00,0,0
"1366",2009-02-26 21:00:00,2.86,251
"1367",2009-02-26 22:00:00,3.36,225
"1368",2009-02-26 23:00:00,2.36,204
"1369",2009-02-27 00:00:00,0,0
"1370",2009-02-27 01:00:00,0,0
"1371",2009-02-27 02:00:00,0,0
"1372",2009-02-27 03:00:00,0,0
"1373",2009-02-27 04:00:00,1.76,245
"1374",2009-02-27 05:00:00,0,0
"1375",2009-02-27 06:00:00,0,0
"1376",2009-02-27 07:00:00,0,0
"1377",2009-02-27 08:00:00,0,0
"1378",2009-02-27 09:00:00,1.76,NA
"1379",2009-02-27 10:00:00,2.86,NA
"1380",2009-02-27 11:00:00,2.86,359
"1381",2009-02-27 12:00:00,1.76,NA
"1382",2009-02-27 13:00:00,1.76,NA
"1383",2009-02-27 14:00:00,0,0
"1384",2009-02-27 15:00:00,2.36,55
"1385",2009-02-27 16:00:00,1.76,86
"1386",2009-02-27 17:00:00,2.86,121
"1387",2009-02-27 18:00:00,0,0
"1388",2009-02-27 19:00:00,0,0
"1389",2009-02-27 20:00:00,2.36,296
"1390",2009-02-27 21:00:00,0,0
"1391",2009-02-27 22:00:00,0,0
"1392",2009-02-27 23:00:00,0,0
"1393",2009-02-28 00:00:00,0,0
"1394",2009-02-28 01:00:00,0,0
"1395",2009-02-28 02:00:00,0,0
"1396",2009-02-28 03:00:00,2.36,337
"1397",2009-02-28 04:00:00,1.76,20
"1398",2009-02-28 05:00:00,0,0
"1399",2009-02-28 06:00:00,3.36,356
"1400",2009-02-28 07:00:00,2.86,350
"1401",2009-02-28 08:00:00,2.36,NA
"1402",2009-02-28 09:00:00,2.86,6
"1403",2009-02-28 10:00:00,3.36,359
"1404",2009-02-28 11:00:00,2.86,19
"1405",2009-02-28 12:00:00,2.36,10
"1406",2009-02-28 13:00:00,1.76,NA
"1407",2009-02-28 14:00:00,1.76,NA
"1408",2009-02-28 15:00:00,0,0
"1409",2009-02-28 16:00:00,0,0
"1410",2009-02-28 17:00:00,0,0
"1411",2009-02-28 18:00:00,2.36,337
"1412",2009-02-28 19:00:00,0,0
"1413",2009-02-28 20:00:00,0,0
"1414",2009-02-28 21:00:00,0,0
"1415",2009-02-28 22:00:00,NA,NA
"1416",2009-02-28 23:00:00,2.36,345
"1417",2009-03-01 00:00:00,0,0
"1418",2009-03-01 01:00:00,0,0
"1419",2009-03-01 02:00:00,3.86,348
"1420",2009-03-01 03:00:00,4.86,317
"1421",2009-03-01 04:00:00,2.36,34
"1422",2009-03-01 05:00:00,3.86,358
"1423",2009-03-01 06:00:00,1.76,55
"1424",2009-03-01 07:00:00,0,0
"1425",2009-03-01 08:00:00,0,0
"1426",2009-03-01 09:00:00,2.36,314
"1427",2009-03-01 10:00:00,0,0
"1428",2009-03-01 11:00:00,0,0
"1429",2009-03-01 12:00:00,1.76,185
"1430",2009-03-01 13:00:00,2.36,145
"1431",2009-03-01 14:00:00,2.86,184
"1432",2009-03-01 15:00:00,NA,NA
"1433",2009-03-01 16:00:00,3.36,151
"1434",2009-03-01 17:00:00,4.36,195
"1435",2009-03-01 18:00:00,3.36,169
"1436",2009-03-01 19:00:00,5.36,169
"1437",2009-03-01 20:00:00,3.86,179
"1438",2009-03-01 21:00:00,3.86,169
"1439",2009-03-01 22:00:00,2.36,203
"1440",2009-03-01 23:00:00,2.36,220
